platform,date,content_type,views,likes,comments,shares,watch_time,followers_gained
Instagram,2025-03-31,Story,40815,5231,817,297,22769,654
Instagram,2025-04-21,Post,40756,3576,421,232,16213,477
Instagram,2025-05-21,Story,14582,1484,172,38,13302,81
YouTube,2025-03-14,Short,67127,4874,294,423,52608,1128
YouTube,2025-03-10,Video,9637,775,43,70,10379,112
Instagram,2025-03-01,Post,33464,2908,488,202,36687,615
Instagram,2025-04-08,Post,30394,2261,359,58,25944,326
YouTube,2025-06-23,Short,64222,5965,1018,504,53362,606
YouTube,2025-03-09,Video,26715,3374,514,84,9203,296
YouTube,2025-03-08,Video,42262,5371,1053,455,21216,645
Instagram,2025-01-13,Reel,49141,5226,1030,419,26171,912
YouTube,2025-05-29,Short,125342,11631,1426,679,43597,1026
YouTube,2025-01-30,Video,19566,1142,163,48,6530,162
YouTube,2025-05-11,Short,84394,8718,949,384,71391,1478
YouTube,2025-05-31,Video,23806,2978,308,255,27672,184
Instagram,2025-05-07,Reel,107157,9379,788,268,90872,1390
Instagram,2025-03-08,Post,11241,1055,84,52,4972,77
YouTube,2025-01-25,Video,21251,3024,169,231,17197,336
YouTube,2025-04-25,Video,40235,5292,486,402,37705,368
Instagram,2025-01-11,Post,48776,5085,427,422,31318,636
Instagram,2025-03-09,Story,21322,2194,368,178,6903,421
YouTube,2025-04-03,Video,26631,1881,155,98,18880,394
YouTube,2025-05-07,Short,37753,4604,418,416,35850,336
Instagram,2025-02-08,Story,13291,1076,67,88,15504,175
Instagram,2025-03-19,Story,24984,2641,349,256,12604,459
YouTube,2025-04-24,Short,52326,4328,781,236,36268,320
Instagram,2025-06-21,Post,12001,1178,222,57,4625,151
Instagram,2025-04-09,Reel,24276,3618,424,124,15484,413
YouTube,2025-02-01,Short,14818,2022,382,130,15752,167
Instagram,2025-03-29,Post,23163,3010,193,273,16157,442
YouTube,2025-03-01,Short,124479,16831,908,831,47638,1873
Instagram,2025-01-23,Post,18697,1015,57,47,9920,163
YouTube,2025-01-19,Video,26914,2913,238,174,14184,203
Instagram,2025-04-08,Story,17116,2427,404,224,17069,155
YouTube,2025-04-27,Short,98624,10410,1714,936,111593,1780
YouTube,2025-06-07,Short,30521,3967,739,333,36218,547
Instagram,2025-03-28,Story,49798,6398,765,183,48975,272
Instagram,2025-05-29,Post,16700,2183,406,110,19472,331
Instagram,2025-06-07,Story,2636,353,66,27,2926,42
Instagram,2025-06-12,Reel,97705,4987,995,391,51938,1895
YouTube,2025-01-17,Short,23349,2308,308,166,27794,225
YouTube,2025-05-03,Video,47306,3748,304,225,42492,685
YouTube,2025-04-06,Video,46553,6792,1038,555,39760,282
YouTube,2025-03-02,Short,31097,4003,480,296,19057,342
Instagram,2025-05-29,Story,21102,3140,574,251,16110,283
YouTube,2025-06-25,Short,60871,3284,208,168,35448,933
Instagram,2025-06-08,Story,19510,2502,239,122,15194,334
YouTube,2025-03-03,Video,43346,5936,349,448,29791,377
YouTube,2025-03-21,Video,22868,2050,318,123,25492,244
YouTube,2025-02-17,Video,30824,2201,215,108,11292,510
YouTube,2025-06-19,Video,26939,2825,260,98,10468,248
YouTube,2025-04-23,Short,8721,876,168,26,8876,100
Instagram,2025-03-11,Reel,10836,839,104,75,10792,162
YouTube,2025-03-12,Short,88362,8580,814,838,60431,1554
YouTube,2025-03-02,Short,14716,1782,263,91,8920,272
Instagram,2025-05-21,Story,2282,278,22,21,894,21
Instagram,2025-05-14,Post,7545,1069,163,41,6392,58
YouTube,2025-04-06,Video,44750,5235,924,310,20109,829
YouTube,2025-01-29,Video,3172,231,21,13,3089,57
Instagram,2025-01-09,Story,36032,4414,854,374,40708,306
Instagram,2025-02-09,Post,45991,2493,380,190,49220,676
Instagram,2025-02-05,Post,12802,779,148,40,14593,219
Instagram,2025-06-12,Reel,53136,4540,726,427,20379,1010
Instagram,2025-06-02,Story,49420,4963,522,210,42229,943
Instagram,2025-05-21,Reel,19213,1924,189,156,8219,334
Instagram,2025-03-04,Reel,92499,5585,383,311,66512,1223
YouTube,2025-01-20,Short,83069,8446,1344,406,95429,716
Instagram,2025-06-07,Post,7626,685,64,64,8880,58
YouTube,2025-04-27,Short,32730,4042,696,141,13102,230
Instagram,2025-01-29,Reel,59354,4416,308,148,51102,536
Instagram,2025-03-01,Reel,90324,11634,1973,1024,58433,531
YouTube,2025-03-13,Video,42685,5342,340,114,14815,732
Instagram,2025-06-16,Reel,22337,2211,237,199,19636,215
Instagram,2025-01-14,Reel,87988,9128,755,380,94873,682
Instagram,2025-04-07,Story,24889,1919,167,124,23355,446
YouTube,2025-02-24,Video,9396,1295,156,114,4208,185
Instagram,2025-06-27,Reel,108317,11936,905,245,85307,2119
YouTube,2025-05-19,Short,17795,1249,211,123,17833,188
Instagram,2025-03-01,Reel,22870,2051,346,142,19304,359
Instagram,2025-06-13,Reel,76522,9501,1525,435,30751,1505
Instagram,2025-01-16,Story,15856,1699,161,145,15533,155
Instagram,2025-04-24,Reel,45494,5076,840,168,28008,244
YouTube,2025-03-23,Video,32761,2353,246,193,37980,449
YouTube,2025-06-29,Video,44484,3233,560,210,22574,466
Instagram,2025-06-27,Post,42920,4559,607,416,17932,654
Instagram,2025-03-13,Post,47268,3578,367,114,46836,494
YouTube,2025-06-28,Video,7505,1009,178,35,5535,113
YouTube,2025-05-13,Short,114824,11637,731,465,70639,833
YouTube,2025-05-26,Short,44926,5573,672,143,23854,243
Instagram,2025-01-04,Post,47973,2474,174,59,57203,440
YouTube,2025-03-03,Short,82180,10253,1064,755,62404,485
YouTube,2025-03-02,Short,91164,5372,292,280,101631,1580
Instagram,2025-02-07,Post,36534,5247,549,217,25921,513
Instagram,2025-01-17,Story,36691,2492,205,86,25750,335
YouTube,2025-05-26,Video,5295,491,78,23,4614,49
YouTube,2025-05-06,Short,23630,2407,129,88,10694,205
YouTube,2025-04-27,Short,9328,878,174,30,10776,103
YouTube,2025-03-17,Video,27948,2719,469,99,11626,447
YouTube,2025-01-03,Video,23941,2369,445,98,17133,136
Instagram,2025-05-12,Post,25517,1624,203,79,12911,364
Instagram,2025-06-18,Reel,11155,1623,305,53,12607,151
Instagram,2025-04-09,Story,41701,4670,697,334,31006,506
YouTube,2025-04-24,Short,61272,3664,251,242,56850,912
Instagram,2025-06-08,Post,27651,3824,292,93,10904,237
YouTube,2025-01-11,Short,37457,2987,576,76,13594,603
YouTube,2025-04-07,Short,127501,18778,3597,1571,88156,1744
Instagram,2025-06-01,Post,47467,2396,322,81,29526,374
Instagram,2025-01-03,Post,35656,1995,256,177,11770,682
Instagram,2025-01-31,Story,6735,531,30,14,5192,34
Instagram,2025-01-03,Story,43963,5177,650,325,19733,304
YouTube,2025-01-23,Short,46981,5510,405,128,50294,789
YouTube,2025-02-03,Short,36697,4021,604,235,18246,507
Instagram,2025-04-25,Reel,49225,5634,865,238,47535,318
Instagram,2025-06-22,Reel,26579,3324,167,290,29523,420
Instagram,2025-02-27,Post,31481,4211,601,326,15386,398
YouTube,2025-05-26,Video,29350,3720,743,221,12100,261
YouTube,2025-02-03,Short,37142,4905,943,462,21625,518
Instagram,2025-05-27,Post,6726,490,32,20,3106,97
Instagram,2025-02-28,Reel,26866,1927,154,119,19298,529
YouTube,2025-05-10,Video,26564,3255,308,215,20274,211
Instagram,2025-04-03,Story,4205,406,72,39,1555,55
Instagram,2025-04-07,Post,41257,4286,638,146,27304,745
YouTube,2025-02-14,Short,60095,4327,246,429,69034,459
YouTube,2025-01-28,Video,2092,274,20,26,1021,22
YouTube,2025-03-26,Short,93905,5184,705,109,80214,850
Instagram,2025-06-11,Reel,143334,14158,2550,1173,137791,2298
YouTube,2025-02-23,Video,47490,2808,517,227,15440,688
YouTube,2025-05-18,Video,43967,2605,469,179,19781,785
YouTube,2025-03-18,Short,7234,1069,169,51,8568,74
YouTube,2025-02-07,Video,4630,678,105,65,2701,42
Instagram,2025-03-14,Story,28198,3122,352,112,32639,439
Instagram,2025-04-18,Post,29976,2633,519,230,14645,278
YouTube,2025-02-07,Short,62139,5163,313,139,24192,580
Instagram,2025-04-04,Story,22063,2042,395,191,18886,371
Instagram,2025-06-16,Reel,54143,6964,598,606,40714,756
Instagram,2025-04-26,Post,15440,1340,124,78,12588,149
YouTube,2025-02-08,Short,76628,10224,570,730,37954,384
YouTube,2025-01-06,Short,64181,6195,381,465,19476,1163
YouTube,2025-06-18,Short,22979,1650,127,153,11862,134
Instagram,2025-02-03,Reel,54027,6282,420,285,42578,952
Instagram,2025-05-17,Story,44623,4136,698,345,51230,814
Instagram,2025-06-26,Story,41152,2390,364,106,15349,721
YouTube,2025-03-16,Short,6066,492,90,29,3663,111
YouTube,2025-05-03,Short,54194,8045,1368,586,19679,1007
Instagram,2025-03-13,Story,46992,5356,640,267,23877,408
YouTube,2025-06-13,Video,41082,3882,762,302,27994,446
Instagram,2025-06-25,Story,14719,1729,331,125,7691,272
Instagram,2025-03-30,Reel,76183,8732,466,403,86543,1523
Instagram,2025-06-23,Reel,74261,8300,1523,794,70921,1386
Instagram,2025-02-09,Reel,6875,363,51,8,5725,87
Instagram,2025-04-29,Post,38624,3418,352,307,25454,448
Instagram,2025-05-28,Story,34126,2691,316,252,18061,551
Instagram,2025-05-06,Post,43848,4795,434,157,25122,813
Instagram,2025-04-01,Story,47646,2436,337,86,49991,674
YouTube,2025-04-22,Short,27824,2641,300,71,27880,172
Instagram,2025-01-02,Reel,75181,9785,1492,961,48916,890
YouTube,2025-02-03,Video,26663,2337,344,231,27307,188
Instagram,2025-03-20,Story,31953,3116,376,210,12539,208
YouTube,2025-06-22,Video,30864,4314,768,163,27062,414
YouTube,2025-02-04,Short,128610,11667,2326,358,107865,1725
YouTube,2025-02-12,Video,24468,1332,112,76,20829,162
YouTube,2025-06-18,Video,39547,2440,170,160,21672,619
YouTube,2025-01-22,Video,16128,2131,383,109,17835,281
YouTube,2025-04-29,Video,19411,2193,278,98,7593,223
Instagram,2025-03-05,Reel,74250,4520,585,355,67629,1379
YouTube,2025-06-28,Video,10083,657,54,34,7960,159
YouTube,2025-03-08,Short,87729,11908,1891,514,83510,1601
Instagram,2025-06-06,Post,44648,2601,308,70,36596,358
YouTube,2025-04-16,Short,45731,5208,1016,196,36581,670
YouTube,2025-01-25,Video,12995,860,91,17,14521,165
YouTube,2025-03-17,Video,23394,2123,302,170,10480,417
Instagram,2025-01-19,Reel,62476,5492,941,533,38215,594
YouTube,2025-03-28,Short,24338,3431,379,328,24213,371
Instagram,2025-02-04,Story,40859,2513,494,160,38630,279
Instagram,2025-03-25,Story,41446,3465,332,287,44769,271
YouTube,2025-01-03,Short,46857,6633,856,478,26227,406
Instagram,2025-04-20,Reel,90578,9924,558,849,55701,1680
YouTube,2025-01-21,Video,37736,3435,558,222,24341,561
YouTube,2025-02-23,Video,27754,2579,166,156,28358,547
Instagram,2025-01-16,Post,21495,2290,382,195,16350,416
YouTube,2025-03-06,Short,75679,8108,768,546,89459,617
YouTube,2025-03-24,Video,21495,1375,162,119,17922,269
YouTube,2025-01-10,Video,46453,4657,282,129,24125,450
Instagram,2025-04-06,Reel,106112,14204,1105,1194,81639,1989
YouTube,2025-02-26,Video,16705,2246,393,140,9294,191
YouTube,2025-04-28,Short,52151,7593,785,721,59925,746
Instagram,2025-05-16,Post,20605,1087,66,45,24140,314
YouTube,2025-03-20,Short,36849,4802,288,157,41634,718
YouTube,2025-06-26,Short,46287,5028,950,189,15900,630
YouTube,2025-02-04,Short,79247,4597,237,207,78053,425
YouTube,2025-06-20,Short,86166,10224,1621,285,37698,578
YouTube,2025-01-03,Video,29447,4370,762,408,21750,521
YouTube,2025-01-31,Short,125365,16755,1465,1259,55649,2340
Instagram,2025-01-02,Reel,78249,10764,546,243,70635,1451
Instagram,2025-05-10,Story,43763,4709,441,184,44698,698
YouTube,2025-04-17,Video,8633,965,177,69,4505,148
Instagram,2025-06-28,Post,36769,4023,405,321,19901,455
Instagram,2025-05-08,Story,48391,6390,1179,155,37282,748
YouTube,2025-02-16,Video,31579,1821,213,154,20384,267
YouTube,2025-01-24,Video,34255,4048,737,350,16783,547
Instagram,2025-04-10,Post,30899,3011,152,255,20777,545
Instagram,2025-05-25,Post,18984,2775,489,277,17415,224
Instagram,2025-03-30,Reel,40351,4372,419,278,21418,412
YouTube,2025-02-04,Video,11925,1101,99,38,6300,71
YouTube,2025-02-20,Short,28595,3584,591,219,15391,549
Instagram,2025-02-18,Story,32804,2460,490,92,24046,169
YouTube,2025-06-10,Short,105990,11302,894,1036,115855,1944
Instagram,2025-01-13,Story,9611,619,106,14,5614,106
Instagram,2025-02-07,Reel,85014,6184,541,311,40409,1279
Instagram,2025-06-18,Story,49414,3203,475,273,53379,846
YouTube,2025-06-18,Short,47997,6879,403,142,57102,546
YouTube,2025-04-05,Video,12165,932,109,84,8357,182
Instagram,2025-03-19,Story,31314,1614,216,145,16312,542
YouTube,2025-03-19,Short,36164,3553,463,205,42027,416
YouTube,2025-04-10,Video,35404,2686,446,123,29150,524
YouTube,2025-06-22,Short,27065,1961,196,86,23759,267
YouTube,2025-03-18,Short,52795,7222,763,451,49519,821
YouTube,2025-02-01,Short,8751,1219,163,107,4439,56
Instagram,2025-04-04,Reel,123624,6303,934,612,94980,1508
YouTube,2025-01-12,Video,34242,1776,307,124,12200,403
Instagram,2025-02-07,Story,19298,1630,236,117,14875,282
YouTube,2025-04-05,Short,72911,9639,1150,517,45752,1146
YouTube,2025-02-21,Short,90998,8246,1251,433,89274,1535
YouTube,2025-05-31,Short,33736,4192,531,379,20498,665
Instagram,2025-01-09,Story,40507,2833,350,270,27932,499
YouTube,2025-04-17,Video,36090,2193,420,51,34154,581
Instagram,2025-03-30,Reel,86024,5426,540,337,57839,1036
YouTube,2025-03-23,Video,29443,2603,344,115,23798,436
Instagram,2025-04-13,Post,35414,2742,269,229,33553,534
YouTube,2025-06-13,Video,8413,973,118,50,3842,74
YouTube,2025-04-06,Short,147736,10223,774,605,113782,1931
Instagram,2025-03-29,Reel,25580,2836,367,269,16278,293
YouTube,2025-03-17,Short,74553,7047,438,173,61394,1218
Instagram,2025-05-29,Post,43749,2491,353,211,50818,352
Instagram,2025-03-10,Story,28919,2045,212,84,33012,475
Instagram,2025-02-07,Post,12787,710,109,62,8893,140
YouTube,2025-05-23,Short,9503,945,69,74,3233,107
Instagram,2025-06-26,Post,31233,4449,321,325,16718,513
Instagram,2025-05-12,Post,13731,2056,295,146,9905,201
YouTube,2025-01-17,Video,44165,3633,188,124,30444,619
Instagram,2025-06-08,Post,20723,2053,367,133,21285,179
YouTube,2025-06-20,Video,15686,805,122,36,15886,88
Instagram,2025-05-30,Story,43306,2288,170,177,13795,813
Instagram,2025-06-19,Reel,80538,5114,967,190,36874,528
YouTube,2025-02-22,Video,21359,1889,359,133,9634,307
YouTube,2025-05-10,Short,76584,9917,1282,710,62951,1372
YouTube,2025-04-11,Video,22093,2003,394,115,8163,295
Instagram,2025-05-08,Reel,26068,2002,355,176,28200,520
Instagram,2025-05-08,Post,21715,1897,263,63,18255,126
Instagram,2025-06-22,Story,22021,2907,285,236,20762,222
Instagram,2025-01-15,Post,4245,508,90,23,1425,49
Instagram,2025-02-23,Story,49108,6709,803,556,40931,775
Instagram,2025-03-21,Story,27199,2640,402,61,23822,486
YouTube,2025-02-26,Video,26896,1373,99,76,31825,289
YouTube,2025-06-10,Short,56595,5557,1053,543,22218,373
Instagram,2025-02-20,Post,47803,6611,467,366,45216,746
Instagram,2025-06-27,Post,5089,721,82,18,2568,97
YouTube,2025-01-08,Short,83170,5452,750,324,85477,980
YouTube,2025-05-09,Short,57320,4921,607,129,38187,818
Instagram,2025-03-19,Story,2177,162,24,9,2145,12
Instagram,2025-05-01,Post,46863,2767,150,102,32664,357
Instagram,2025-04-22,Post,40452,3265,491,319,38461,397
Instagram,2025-03-27,Reel,70658,8909,1655,706,83184,1259
YouTube,2025-06-26,Short,38035,3460,680,229,22819,698
YouTube,2025-05-10,Video,23146,1702,216,99,15025,343
Instagram,2025-01-15,Story,42848,4738,616,456,23928,774
Instagram,2025-04-08,Reel,27342,1734,93,53,21380,246
Instagram,2025-04-15,Reel,28963,3589,566,188,33078,530
Instagram,2025-04-19,Reel,99905,14083,1448,398,99438,1408
YouTube,2025-02-27,Video,6954,927,143,31,3333,126
YouTube,2025-06-05,Video,24380,3359,248,220,26308,162
YouTube,2025-03-02,Video,39861,5508,477,201,38778,569
Instagram,2025-02-17,Post,25125,1639,108,71,13229,443
YouTube,2025-04-18,Video,7875,1114,67,82,4931,54
YouTube,2025-06-18,Short,115540,13745,936,498,79380,1127
YouTube,2025-01-16,Video,25106,1978,346,56,17802,492
YouTube,2025-05-07,Short,8730,469,58,31,3878,156
Instagram,2025-03-28,Post,33324,3718,540,123,32661,195
YouTube,2025-01-18,Short,138766,19737,2126,758,133575,1897
YouTube,2025-02-09,Video,40866,4165,610,253,46283,255
Instagram,2025-02-10,Post,35467,2942,367,248,40201,627
Instagram,2025-05-10,Reel,101659,6792,1011,348,45260,1363
Instagram,2025-03-07,Reel,127744,8561,484,248,111531,2247
Instagram,2025-02-16,Reel,14449,1795,214,89,8957,186
Instagram,2025-05-20,Reel,45351,3072,431,233,21263,694
Instagram,2025-05-19,Post,44711,6469,437,371,45450,731
Instagram,2025-02-19,Story,36714,4060,273,196,13744,388
YouTube,2025-01-24,Video,11908,713,111,66,9923,209
YouTube,2025-01-26,Short,7121,934,79,74,3528,58
Instagram,2025-03-08,Post,16644,1271,159,105,17962,101
YouTube,2025-06-17,Short,25259,2727,460,184,13470,418
YouTube,2025-03-18,Short,57867,7889,1306,672,63034,995
YouTube,2025-05-30,Video,35703,5034,519,478,42434,427
Instagram,2025-02-13,Story,20730,2026,231,50,16314,318
YouTube,2025-03-08,Video,13347,1007,130,81,12722,89
YouTube,2025-02-02,Video,40934,3802,743,199,16613,385
Instagram,2025-04-11,Post,18863,2156,168,152,13920,116
YouTube,2025-01-08,Short,13708,1936,207,140,5449,209
Instagram,2025-01-26,Post,32982,1882,257,172,36106,222
Instagram,2025-03-11,Post,25572,3412,215,248,29978,237
Instagram,2025-03-23,Post,37741,2538,127,112,35187,417
Instagram,2025-04-13,Reel,39371,5769,684,528,37990,603
YouTube,2025-01-22,Short,89584,10721,782,356,32733,1063
Instagram,2025-03-21,Post,10018,835,67,79,4767,102
YouTube,2025-04-10,Short,81518,7756,1121,526,43954,1227
YouTube,2025-01-28,Video,41395,3563,254,162,47208,599
Instagram,2025-04-04,Story,24776,1398,100,139,12112,368
YouTube,2025-06-10,Video,26776,3958,639,321,11458,148
Instagram,2025-01-07,Story,28983,1547,260,138,10276,291
Instagram,2025-02-04,Story,47066,5994,663,337,21531,696
YouTube,2025-01-13,Short,70235,8985,1498,525,41453,442
Instagram,2025-06-07,Reel,63034,9295,579,645,19236,377
Instagram,2025-03-07,Reel,74158,3757,317,265,88240,1235
YouTube,2025-01-04,Video,9757,749,41,74,7618,127
YouTube,2025-03-19,Video,26523,2787,512,136,13313,411
YouTube,2025-04-15,Video,19428,2839,212,278,16091,180
YouTube,2025-01-14,Short,38672,2139,274,163,41830,666
Instagram,2025-01-03,Story,14390,972,146,29,8122,262
YouTube,2025-01-20,Video,17715,923,115,50,14414,265
Instagram,2025-01-28,Post,34057,4349,642,123,32437,189
Instagram,2025-01-25,Reel,24971,2306,364,72,9074,435
Instagram,2025-04-04,Reel,76209,6997,1095,155,52096,1132
Instagram,2025-04-07,Reel,22142,2093,167,76,26334,442
Instagram,2025-05-03,Post,44671,2936,512,237,23832,507
YouTube,2025-05-19,Video,20693,1336,192,73,11456,357
YouTube,2025-02-01,Video,5805,857,66,35,3723,54
YouTube,2025-06-24,Short,52986,5279,402,207,50874,454
YouTube,2025-04-10,Video,21376,2848,563,242,20333,299
Instagram,2025-05-22,Post,43486,2208,418,145,31422,490
YouTube,2025-05-09,Short,11354,1329,121,73,12259,222
Instagram,2025-03-19,Reel,68765,9749,1526,260,54064,1244
YouTube,2025-03-25,Short,43089,5750,392,362,29885,662
Instagram,2025-01-17,Post,48566,4565,477,156,28573,856
Instagram,2025-04-04,Reel,5278,399,47,35,3211,66
Instagram,2025-03-28,Post,2798,214,42,9,2659,44
YouTube,2025-02-08,Video,9998,1414,153,42,8813,62
YouTube,2025-01-04,Video,17525,2113,223,93,17549,186
Instagram,2025-02-28,Story,18077,1737,133,56,10990,214
Instagram,2025-02-17,Story,11924,1425,136,93,10697,164
YouTube,2025-05-10,Short,40629,5459,716,472,39748,636
Instagram,2025-01-28,Reel,107949,8826,1110,849,127174,1271
YouTube,2025-04-17,Video,29129,3741,618,300,28771,551
Instagram,2025-01-07,Reel,13296,1595,310,42,12512,97
YouTube,2025-04-25,Video,46290,3806,491,183,21311,240
Instagram,2025-06-16,Reel,92074,11718,747,809,68448,614
YouTube,2025-06-17,Video,46098,4483,638,339,32271,670
YouTube,2025-03-13,Short,57975,6630,1028,167,20219,1118
YouTube,2025-03-22,Short,63033,4839,464,118,55462,490
Instagram,2025-05-07,Reel,7928,1087,87,64,4425,61
YouTube,2025-02-05,Video,24446,2651,175,174,18620,415
Instagram,2025-02-21,Post,21773,1727,318,130,23559,111
YouTube,2025-03-02,Video,11788,1013,161,46,5074,153
Instagram,2025-05-31,Story,35423,4432,444,304,35012,482
Instagram,2025-04-29,Story,35689,2254,267,164,18551,603
Instagram,2025-05-26,Post,29204,2231,308,77,22355,239
YouTube,2025-06-21,Short,109439,16123,1337,351,104176,1641
Instagram,2025-03-01,Reel,63908,8671,631,355,19743,794
Instagram,2025-05-28,Post,8366,1111,222,84,4780,75
Instagram,2025-05-31,Story,17483,2257,142,152,9650,106
YouTube,2025-04-05,Short,51952,3557,231,89,43914,627
YouTube,2025-04-22,Short,64248,4364,299,296,38635,1210
YouTube,2025-02-01,Short,68432,5569,613,444,59338,535
YouTube,2025-06-29,Video,11260,1273,200,106,8708,163
Instagram,2025-03-23,Story,38131,2959,372,66,23800,207
YouTube,2025-06-07,Short,94142,10535,1829,921,105401,685
YouTube,2025-04-09,Video,5895,629,57,32,6383,98
Instagram,2025-02-13,Story,36920,2578,499,155,15228,706
YouTube,2025-05-21,Short,4685,312,24,14,5412,69
YouTube,2025-06-17,Video,18162,913,161,30,8116,112
YouTube,2025-04-07,Short,21186,1677,253,40,16321,416
YouTube,2025-05-08,Video,43610,6238,746,145,19125,389
YouTube,2025-02-21,Short,54517,5926,625,575,57321,977
YouTube,2025-02-18,Video,19281,2340,322,149,22322,353
YouTube,2025-05-11,Video,41772,2139,109,125,15105,816
YouTube,2025-04-23,Video,41742,4446,653,316,20051,260
Instagram,2025-06-15,Story,32155,4550,617,123,24567,415
Instagram,2025-01-05,Post,43769,5399,1027,228,49632,352
Instagram,2025-01-05,Reel,23464,3503,462,75,19901,405
Instagram,2025-06-13,Story,48904,6522,1167,140,50124,967
YouTube,2025-01-07,Short,40276,2193,151,56,18285,235
YouTube,2025-05-12,Short,140524,9879,1314,805,84616,2769
Instagram,2025-02-04,Post,38300,4185,829,340,27213,758
YouTube,2025-06-04,Short,38867,4927,534,450,22476,625
YouTube,2025-06-03,Video,19659,2338,288,83,20726,312
YouTube,2025-01-23,Video,26945,2714,498,196,12998,485
Instagram,2025-02-04,Story,33616,4385,318,198,18419,496
Instagram,2025-05-03,Post,20439,2331,204,203,21016,300
Instagram,2025-03-22,Story,38578,5601,982,252,44709,317
Instagram,2025-03-18,Post,12212,1808,98,108,6825,74
YouTube,2025-06-15,Video,41776,4103,815,169,45916,684
YouTube,2025-06-04,Video,43589,6326,646,421,44552,678
YouTube,2025-03-09,Video,2700,271,15,11,1764,47
YouTube,2025-03-03,Video,3379,425,35,9,1633,18
Instagram,2025-02-01,Reel,37747,2353,188,140,34673,672
Instagram,2025-01-05,Reel,42423,3268,544,167,37567,735
YouTube,2025-01-10,Video,39954,3439,350,111,14310,311
Instagram,2025-01-10,Story,12215,1003,138,86,14554,64
Instagram,2025-01-21,Post,42605,2133,252,102,42797,313
YouTube,2025-05-18,Video,22372,1338,226,133,13108,253
YouTube,2025-03-08,Short,101599,9712,1131,235,34450,625
Instagram,2025-01-05,Post,35064,4929,753,124,14849,235
YouTube,2025-02-15,Video,21210,1086,202,72,18791,324
YouTube,2025-04-17,Short,92591,11477,2247,415,92958,1680
Instagram,2025-05-21,Post,34975,4350,650,303,24053,515
Instagram,2025-04-25,Story,33706,2272,161,85,38655,654
YouTube,2025-06-13,Video,39682,3421,232,149,27398,337
YouTube,2025-02-01,Video,17969,1839,265,57,17495,118
Instagram,2025-02-06,Reel,41847,3986,429,332,29539,573
YouTube,2025-05-15,Short,48256,5866,447,538,43645,446
Instagram,2025-02-06,Story,36962,2570,358,228,26004,200
Instagram,2025-04-06,Post,13217,1648,215,87,6234,157
YouTube,2025-04-22,Video,11528,1419,233,34,9600,140
Instagram,2025-06-25,Story,16721,2026,165,168,6271,296
Instagram,2025-01-19,Post,18254,2423,132,237,13460,94
Instagram,2025-06-20,Post,11712,1489,255,71,3885,139
YouTube,2025-05-02,Short,62946,4319,724,354,50265,883
Instagram,2025-03-15,Reel,16437,1613,168,119,15556,226
YouTube,2025-05-02,Video,7182,647,46,38,4659,87
YouTube,2025-02-16,Video,10984,1435,247,55,4141,198
Instagram,2025-04-24,Reel,96441,9216,1066,224,92757,1329
YouTube,2025-02-19,Video,34993,1898,367,118,20441,511
YouTube,2025-04-04,Video,13138,1756,115,45,8777,248
YouTube,2025-03-25,Short,42640,2181,236,134,21024,432
Instagram,2025-02-04,Reel,105456,7881,661,316,67219,763
Instagram,2025-04-14,Story,15004,1309,125,70,10744,258
YouTube,2025-06-26,Video,36796,3690,302,182,13148,508
Instagram,2025-04-24,Story,40223,5448,439,210,20305,614
Instagram,2025-02-22,Story,22060,1335,81,114,19244,147
Instagram,2025-05-19,Post,47608,6240,370,483,28514,689
YouTube,2025-06-29,Short,45016,5015,873,107,24890,276
YouTube,2025-06-19,Video,14165,1164,170,97,7486,169
YouTube,2025-02-02,Video,3165,365,22,11,1993,20
Instagram,2025-06-24,Reel,43814,3457,443,162,44490,313
Instagram,2025-03-30,Post,9955,1143,164,74,8658,124
YouTube,2025-04-11,Short,88920,12078,1230,1039,101467,792
Instagram,2025-03-25,Reel,25925,2386,169,174,13506,485
YouTube,2025-06-26,Short,18683,1202,226,112,19574,141
YouTube,2025-04-03,Video,3140,462,49,16,2906,49
YouTube,2025-02-28,Short,15344,1590,133,122,9016,175
YouTube,2025-05-31,Video,38001,2304,251,145,35673,326
Instagram,2025-01-20,Reel,33063,2072,111,102,24094,281
Instagram,2025-03-21,Story,42612,3204,574,95,40214,375
YouTube,2025-02-21,Short,116769,14106,1479,1156,124143,1960
Instagram,2025-02-23,Post,29348,2049,406,48,28331,575
YouTube,2025-02-18,Short,24230,1355,100,117,17955,450
Instagram,2025-06-17,Reel,36651,4800,396,376,25656,608
YouTube,2025-06-11,Video,28558,3998,615,206,23237,383
YouTube,2025-04-30,Video,25966,1455,218,121,24082,517
Instagram,2025-06-12,Reel,30720,2014,198,135,15565,292
Instagram,2025-06-29,Reel,70486,9266,657,913,54363,709
YouTube,2025-04-24,Video,43910,3569,379,239,32480,788
Instagram,2025-01-30,Reel,31981,3590,419,282,23524,356
YouTube,2025-05-10,Short,51703,6883,1016,589,22794,427
Instagram,2025-05-13,Story,37668,5530,653,526,23639,258
Instagram,2025-03-02,Post,20345,2329,213,60,10134,114
YouTube,2025-02-10,Video,6422,868,63,68,7495,59
YouTube,2025-05-21,Short,21131,1209,124,52,10175,201
YouTube,2025-03-03,Short,23804,2758,187,194,28450,460
YouTube,2025-03-20,Video,12148,845,92,18,4916,170
YouTube,2025-03-18,Video,12870,1589,251,64,6053,202
Instagram,2025-05-22,Story,15629,946,139,37,10616,244
Instagram,2025-06-19,Story,44678,3907,538,209,47392,287
YouTube,2025-04-18,Short,26679,2972,177,78,17197,183
YouTube,2025-04-06,Short,66045,4758,341,373,56066,991
Instagram,2025-04-30,Story,34586,4861,884,168,17812,221
YouTube,2025-04-26,Short,24334,1540,131,73,22239,346
Instagram,2025-02-14,Post,38600,2912,308,105,45642,250
YouTube,2025-05-16,Short,41996,5171,469,291,44435,242
Instagram,2025-04-11,Post,39108,3139,170,222,25009,311
Instagram,2025-01-22,Reel,62782,8190,706,551,46308,1200
Instagram,2025-01-23,Post,23658,2596,145,244,25658,211
Instagram,2025-06-22,Post,38526,4476,433,135,43783,618
Instagram,2025-04-22,Story,22906,3066,224,191,15947,418
YouTube,2025-05-01,Short,18874,1272,156,74,9375,130
Instagram,2025-05-11,Story,20264,2773,300,119,13702,145
Instagram,2025-06-16,Post,16941,1808,195,37,16648,321
YouTube,2025-02-22,Short,98860,10069,1446,464,51052,1213
YouTube,2025-03-18,Short,20911,2481,244,95,23780,120
YouTube,2025-01-21,Video,22994,3212,257,281,17273,120
YouTube,2025-05-05,Short,117835,8947,1740,890,55237,1841
YouTube,2025-06-01,Short,8869,573,59,27,7499,132
Instagram,2025-01-19,Story,45637,2622,355,219,35265,304
YouTube,2025-05-31,Video,4741,695,135,64,1898,81
YouTube,2025-02-18,Short,43295,4944,732,147,39162,719
Instagram,2025-02-24,Story,22568,2443,469,243,7533,152
Instagram,2025-05-04,Story,27482,2977,291,164,29563,227
YouTube,2025-06-17,Short,35971,3620,329,286,18381,186
YouTube,2025-02-05,Video,44321,6028,394,284,50646,640
Instagram,2025-06-20,Story,31040,3592,287,304,11175,416
YouTube,2025-03-21,Short,8683,678,82,27,9818,163
YouTube,2025-04-05,Video,45774,5376,509,304,16642,328
Instagram,2025-01-22,Post,11577,1636,170,40,13315,212
Instagram,2025-03-21,Reel,30972,4172,650,167,35466,220
Instagram,2025-03-07,Post,33814,2633,197,193,36768,471
YouTube,2025-04-25,Video,29239,3111,275,157,24586,377
YouTube,2025-03-11,Short,55282,3923,276,101,52316,799
YouTube,2025-01-01,Short,38113,3444,562,94,24611,551
YouTube,2025-01-14,Video,30451,3135,304,81,25791,580
Instagram,2025-05-13,Story,4708,703,136,34,3796,75
YouTube,2025-02-17,Short,85682,5094,548,303,49183,1394
Instagram,2025-02-19,Post,46385,3413,317,266,18297,373
Instagram,2025-01-01,Post,33089,3132,294,105,24383,553
Instagram,2025-01-08,Post,10474,613,35,27,4163,72
Instagram,2025-03-09,Story,37121,3267,388,175,37344,425
YouTube,2025-03-28,Short,77268,5698,934,439,41384,455
YouTube,2025-05-16,Video,32734,2581,404,225,36916,383
Instagram,2025-06-20,Story,38918,4452,653,125,41083,587
Instagram,2025-05-22,Story,41512,5515,1038,369,38857,511
YouTube,2025-04-30,Video,30986,2673,200,262,17881,231
Instagram,2025-02-01,Reel,46758,5353,444,304,37154,732
Instagram,2025-01-29,Story,6131,803,122,48,7204,75
Instagram,2025-05-24,Story,22467,1165,173,97,10657,169
YouTube,2025-03-29,Video,22603,2756,306,272,7516,189
YouTube,2025-03-31,Short,76712,11294,596,915,70832,1154
YouTube,2025-05-12,Video,25095,3228,508,289,25905,243
YouTube,2025-02-08,Video,10518,1039,176,55,7676,175
YouTube,2025-06-27,Video,25821,3420,581,126,9924,355
Instagram,2025-06-23,Story,25562,3233,401,166,10859,183
YouTube,2025-04-24,Video,23902,3427,496,110,18890,150
Instagram,2025-02-22,Reel,76144,10988,885,350,69462,623
YouTube,2025-06-08,Video,29572,1835,207,112,31302,207
YouTube,2025-05-30,Short,18828,2184,235,196,8326,117
YouTube,2025-04-10,Video,13371,1485,201,36,11178,111
YouTube,2025-06-19,Video,7530,867,141,85,7947,135
YouTube,2025-06-18,Short,128060,17590,1081,1435,127621,1876
Instagram,2025-06-14,Story,19713,1277,86,91,11503,374
YouTube,2025-06-05,Video,11979,721,131,51,5308,217
YouTube,2025-06-01,Short,75771,9015,1481,468,38085,846
YouTube,2025-05-27,Short,93123,7680,956,284,82376,1457
YouTube,2025-03-31,Short,50884,4644,411,367,32045,495
Instagram,2025-03-29,Reel,25378,2714,280,123,13565,347
Instagram,2025-06-09,Reel,78120,10095,1772,1001,54447,641
Instagram,2025-04-26,Post,8976,559,73,23,10092,157
YouTube,2025-05-03,Short,93821,5072,844,464,96391,693
YouTube,2025-04-25,Video,40857,5108,468,233,46462,392
YouTube,2025-06-19,Short,46730,2621,338,90,28370,736
Instagram,2025-01-17,Story,46607,4413,739,186,36045,261
Instagram,2025-03-24,Post,13677,823,158,27,5251,141
YouTube,2025-05-06,Short,74717,6670,570,546,80680,644
Instagram,2025-04-27,Story,15650,1885,275,127,17675,224
YouTube,2025-03-04,Video,12118,1401,244,60,5237,175
YouTube,2025-01-26,Short,79929,4410,238,277,73896,1108
Instagram,2025-02-15,Story,28826,2974,569,213,24633,495
YouTube,2025-03-27,Short,71164,10115,509,600,76749,713
Instagram,2025-01-06,Reel,15287,1377,84,114,10934,275
YouTube,2025-05-01,Video,32523,1877,209,40,27910,575
Instagram,2025-02-15,Reel,63484,8707,1602,406,64681,1147
Instagram,2025-05-03,Reel,24681,1437,271,135,23380,454
YouTube,2025-05-21,Video,10398,559,66,20,9372,85
YouTube,2025-06-04,Short,30162,1911,120,62,26499,206
YouTube,2025-03-26,Video,7452,1012,173,68,4817,143
YouTube,2025-02-24,Video,41520,3344,625,126,25104,408
Instagram,2025-06-10,Story,44852,6082,998,428,48744,343
YouTube,2025-05-17,Video,43836,3811,644,159,24361,671
Instagram,2025-06-20,Post,36496,2439,259,72,43101,390
YouTube,2025-02-04,Video,20428,1615,220,136,11945,254
Instagram,2025-05-26,Story,24572,3465,395,110,15616,209
Instagram,2025-05-27,Story,3727,440,86,11,2692,37
YouTube,2025-04-25,Video,8933,1119,61,52,8552,168
YouTube,2025-06-05,Short,70611,4172,554,280,57313,582
YouTube,2025-05-09,Short,39188,5248,712,437,30599,512
Instagram,2025-04-06,Post,23560,2121,261,154,16102,363
YouTube,2025-02-07,Video,46400,5492,685,336,36948,395
YouTube,2025-04-16,Short,13355,992,125,74,9052,88
Instagram,2025-03-30,Story,8131,935,74,68,5290,112
YouTube,2025-04-06,Video,13530,1526,194,49,6983,84
Instagram,2025-05-26,Post,49190,5690,308,175,48302,735
YouTube,2025-06-08,Video,21900,1540,116,144,15114,111
Instagram,2025-05-31,Reel,56086,7198,773,394,44554,897
Instagram,2025-05-20,Story,27948,4184,506,286,30863,375
Instagram,2025-06-11,Story,45700,5506,680,120,27108,741
Instagram,2025-01-15,Story,20007,1100,77,69,12987,276
Instagram,2025-04-22,Story,48372,7020,1270,342,29509,523
YouTube,2025-05-21,Video,24344,2281,400,71,11282,383
YouTube,2025-03-22,Video,22108,1956,372,143,25066,303
Instagram,2025-05-04,Reel,33806,4945,833,408,37326,480
YouTube,2025-06-24,Video,18985,2306,307,89,20914,170
Instagram,2025-01-19,Post,19400,1920,178,187,5996,222
YouTube,2025-02-20,Video,19234,1035,112,89,11325,137
YouTube,2025-06-26,Short,57335,6927,1118,573,40228,1024
YouTube,2025-05-03,Video,33957,4856,708,185,16211,584
YouTube,2025-04-18,Video,3096,205,28,16,3231,26
Instagram,2025-02-22,Story,28305,3508,538,178,12624,181
Instagram,2025-03-16,Reel,21346,1746,299,122,17845,335
YouTube,2025-05-02,Short,23925,2852,208,247,26726,141
YouTube,2025-06-04,Short,55800,4766,528,372,34234,416
YouTube,2025-04-18,Video,41376,5357,976,125,24317,425
Instagram,2025-04-29,Reel,27278,2795,487,223,20956,343
YouTube,2025-05-29,Video,34252,2524,431,66,21311,380
YouTube,2025-02-09,Video,41998,3397,417,277,29207,797
YouTube,2025-04-03,Short,32067,1751,314,100,35824,230
YouTube,2025-02-26,Video,39454,5877,788,447,18126,228
YouTube,2025-05-22,Short,51392,6395,1106,508,61214,948
YouTube,2025-01-03,Video,7722,659,96,41,6197,78
YouTube,2025-05-29,Short,5621,823,56,57,5829,46
YouTube,2025-01-04,Short,118791,13973,2688,1251,114940,1808
Instagram,2025-06-06,Reel,16674,1962,152,43,17212,92
YouTube,2025-03-29,Video,33821,2782,414,79,13643,442
YouTube,2025-03-08,Short,22082,1510,268,140,24416,247
Instagram,2025-02-13,Reel,38232,4209,391,311,37173,593
YouTube,2025-06-20,Short,78128,9301,1268,712,80095,1397
YouTube,2025-01-15,Video,21638,1392,187,120,15721,373
Instagram,2025-01-18,Story,18474,1537,170,32,19503,282
YouTube,2025-04-25,Video,17068,2503,225,187,9922,159
YouTube,2025-02-06,Video,14177,811,104,40,8034,121
Instagram,2025-01-02,Story,40356,2856,305,126,46918,219
YouTube,2025-03-01,Short,83630,12449,730,534,60209,1176
Instagram,2025-06-11,Story,37072,3220,333,251,17852,320
YouTube,2025-04-22,Short,99659,11891,2009,600,53892,1039
Instagram,2025-04-18,Story,23550,3225,618,66,19597,462
YouTube,2025-02-22,Video,15265,2155,182,44,6510,130
YouTube,2025-02-24,Video,49859,3503,593,139,56746,781
YouTube,2025-03-22,Video,26650,3016,441,211,11999,473
Instagram,2025-01-14,Reel,56985,3985,291,192,37791,458
Instagram,2025-05-19,Story,49484,5221,598,183,23570,481
YouTube,2025-05-28,Short,20873,2184,116,137,23507,185
YouTube,2025-04-27,Video,12728,1516,193,90,11441,246
YouTube,2025-02-16,Video,21138,1555,129,101,23044,185
YouTube,2025-01-20,Short,42327,3240,400,269,46630,673
YouTube,2025-01-18,Short,41998,4379,634,278,40665,790
Instagram,2025-06-11,Story,4368,497,41,16,4355,75
YouTube,2025-03-14,Short,98700,9949,1039,637,101249,1898
Instagram,2025-06-08,Post,17657,1506,223,57,19251,168
YouTube,2025-01-14,Video,31584,2618,505,197,37708,502
YouTube,2025-05-11,Video,21756,1724,164,149,7568,417
Instagram,2025-04-08,Post,12369,1485,159,141,7437,103
Instagram,2025-06-19,Reel,55273,4563,743,146,22841,426
YouTube,2025-06-07,Video,39949,4277,316,212,28306,322
YouTube,2025-04-27,Short,64946,5916,974,179,31212,877
YouTube,2025-06-28,Short,131084,18331,1110,450,154828,2020
YouTube,2025-01-13,Short,88075,12400,1501,858,88899,735
Instagram,2025-01-18,Reel,26017,3532,485,182,9786,152
Instagram,2025-06-19,Reel,47379,4801,887,243,53259,616
YouTube,2025-04-17,Video,43088,4211,226,399,14554,403
YouTube,2025-03-03,Video,37705,4889,345,249,36738,294
YouTube,2025-01-26,Short,58820,3431,336,309,35201,961
Instagram,2025-05-09,Post,18183,1059,67,71,7095,265
YouTube,2025-02-10,Short,125958,8677,1302,217,74354,1951
YouTube,2025-04-22,Short,57418,6263,899,393,22212,361
YouTube,2025-02-16,Short,135548,7970,1346,728,140541,1050
Instagram,2025-02-26,Post,27430,2646,228,164,13042,347
Instagram,2025-03-04,Post,34739,2604,485,194,22575,354
Instagram,2025-01-16,Post,2512,362,67,21,1450,25
YouTube,2025-03-16,Short,12835,1080,58,23,7686,249
Instagram,2025-05-11,Post,49370,2968,508,59,51717,893
YouTube,2025-06-03,Short,39066,5564,529,333,27032,414
Instagram,2025-04-30,Reel,44256,5651,752,393,18724,365
Instagram,2025-03-30,Post,33878,2121,198,109,23312,660
YouTube,2025-01-22,Short,22904,1271,179,44,22125,304
Instagram,2025-05-21,Post,39998,4551,299,372,25223,256
Instagram,2025-01-12,Story,2827,170,31,16,3304,30
YouTube,2025-03-06,Short,28398,2000,256,198,22227,558
YouTube,2025-05-27,Short,97949,9087,1624,780,48591,916
Instagram,2025-05-10,Reel,40388,4933,845,114,15183,505
YouTube,2025-06-16,Video,49398,5880,439,231,40265,964
YouTube,2025-01-07,Short,59285,6781,646,490,28778,1157
Instagram,2025-03-09,Story,24366,3578,581,124,26270,153
Instagram,2025-06-22,Story,38933,2482,393,139,13467,296
YouTube,2025-03-28,Video,36884,5190,275,381,30077,227
YouTube,2025-03-12,Video,48385,4883,872,308,23543,861
Instagram,2025-01-07,Reel,21423,1450,74,80,21791,380
YouTube,2025-01-28,Video,4805,470,46,19,4839,95
Instagram,2025-02-17,Reel,69867,5939,507,190,80979,1110
YouTube,2025-01-14,Video,14606,1391,202,55,6820,109
YouTube,2025-01-08,Video,9252,1127,198,55,5226,143
Instagram,2025-06-19,Reel,41458,2537,379,184,25236,587
YouTube,2025-06-20,Short,34538,2716,250,134,11461,550
Instagram,2025-05-24,Reel,45656,6660,922,506,43725,501
Instagram,2025-06-12,Reel,6493,877,72,66,4861,91
Instagram,2025-02-06,Story,27404,3017,151,139,18009,140
YouTube,2025-03-09,Video,15983,1860,364,157,14474,272
YouTube,2025-05-20,Short,11703,1216,242,51,3957,91
YouTube,2025-02-14,Short,96705,10887,2083,582,73755,866
YouTube,2025-04-05,Video,17888,2027,197,102,16696,104
Instagram,2025-01-06,Reel,10576,983,181,83,6161,64
YouTube,2025-06-04,Short,77529,10381,810,984,64412,712
Instagram,2025-01-11,Reel,52279,6115,799,235,58524,355
Instagram,2025-04-16,Story,17500,2112,181,199,7608,346
YouTube,2025-05-13,Video,3730,297,47,28,3625,44
Instagram,2025-02-12,Post,17683,1032,150,100,19699,125
YouTube,2025-06-06,Video,44912,4322,742,262,20678,567
Instagram,2025-01-23,Reel,37892,4009,428,246,33573,483
YouTube,2025-03-17,Video,36142,3486,527,343,24408,658
YouTube,2025-04-02,Video,8477,979,179,59,5983,113
Instagram,2025-06-13,Reel,29014,2480,475,121,18523,477
Instagram,2025-06-29,Reel,79753,10849,1721,577,72190,1071
YouTube,2025-04-03,Video,13857,2050,256,74,10680,223
Instagram,2025-02-13,Post,8376,811,106,60,9034,86
Instagram,2025-01-07,Post,4396,599,93,14,4578,38
Instagram,2025-03-06,Story,14916,1807,199,58,10400,155
Instagram,2025-03-14,Post,40987,2959,408,149,39268,619
YouTube,2025-04-22,Short,6489,730,72,21,5168,89
YouTube,2025-03-09,Video,18901,1793,133,66,21162,142
Instagram,2025-03-04,Story,32794,3392,374,120,16591,201
Instagram,2025-02-25,Reel,14713,1090,140,72,12769,181
Instagram,2025-02-08,Reel,67017,7119,482,213,23785,889
YouTube,2025-02-11,Short,49928,5607,1034,401,47254,923
Instagram,2025-02-02,Story,12917,1424,104,121,11291,180
Instagram,2025-06-22,Reel,30848,1684,183,154,32584,181
YouTube,2025-04-30,Video,19256,2214,433,201,16005,355
Instagram,2025-06-07,Reel,32449,4730,531,438,38245,390
Instagram,2025-05-25,Post,13967,868,98,24,4922,216
YouTube,2025-02-08,Short,69741,9890,653,597,56995,624
YouTube,2025-03-03,Video,5367,561,99,42,2149,38
Instagram,2025-02-01,Story,19814,2426,121,138,9340,154
Instagram,2025-05-12,Reel,9719,551,45,51,7485,111
YouTube,2025-03-12,Short,25008,2162,192,57,17602,335
YouTube,2025-01-09,Video,35099,2507,307,150,27735,540
YouTube,2025-03-07,Video,26444,3007,528,298,22904,375
Instagram,2025-01-07,Post,27205,3047,389,228,20471,163
Instagram,2025-01-21,Post,46721,4063,285,383,29845,472
YouTube,2025-03-20,Short,57022,7040,1146,566,33854,685
Instagram,2025-06-02,Reel,80634,6877,482,641,58856,566
YouTube,2025-01-14,Video,34062,4433,685,242,12871,670
Instagram,2025-06-22,Reel,54244,5693,618,215,26600,645
Instagram,2025-06-11,Reel,60267,5847,728,136,36802,746
YouTube,2025-03-06,Video,40516,3400,593,246,32440,512
Instagram,2025-02-08,Post,44020,5891,331,171,18554,683
Instagram,2025-06-18,Post,25918,2344,290,77,26575,371
Instagram,2025-02-26,Post,25229,2391,408,131,20669,247
YouTube,2025-05-20,Short,61201,4899,859,416,64437,869
YouTube,2025-04-22,Short,80695,6669,1300,280,29504,1164
YouTube,2025-02-22,Short,37893,5350,675,489,24613,695
YouTube,2025-04-28,Short,67049,7782,477,498,50069,657
YouTube,2025-06-13,Short,59973,5940,1055,273,18673,361
YouTube,2025-02-23,Video,28840,3839,746,216,16419,453
Instagram,2025-03-20,Story,43979,5504,1000,365,41094,273
Instagram,2025-02-16,Post,2404,127,7,12,1827,40
YouTube,2025-05-13,Video,43304,5057,676,287,36296,831
YouTube,2025-03-12,Video,36722,3359,566,97,30318,656
YouTube,2025-03-13,Short,136466,11475,1018,720,114195,1095
Instagram,2025-03-20,Post,6875,727,75,44,7350,47
YouTube,2025-04-08,Short,25199,2971,160,185,24796,434
Instagram,2025-05-04,Reel,83874,8158,976,430,44513,1312
YouTube,2025-05-15,Video,27005,2377,366,53,20689,498
YouTube,2025-02-05,Video,23496,2504,283,187,22187,409
Instagram,2025-02-06,Story,3061,376,64,23,2338,23
Instagram,2025-01-12,Reel,110205,14699,2557,665,100505,2063
Instagram,2025-01-10,Story,49883,7034,803,415,21696,582
Instagram,2025-01-28,Reel,12903,1239,236,113,15454,151
YouTube,2025-01-30,Video,31746,3606,626,119,20805,178
Instagram,2025-01-20,Post,11803,1725,165,57,8307,66
Instagram,2025-05-25,Reel,49942,3407,532,203,24597,856
YouTube,2025-04-13,Video,37784,2799,319,138,22066,731
Instagram,2025-02-10,Reel,79541,7003,418,251,30685,864
Instagram,2025-05-08,Reel,86913,4509,852,290,73468,653
Instagram,2025-02-27,Story,49578,6304,735,552,44261,508
YouTube,2025-03-29,Video,12456,947,146,57,7964,227
Instagram,2025-05-30,Post,46888,5767,692,187,47522,637
Instagram,2025-03-02,Story,21326,2676,393,79,16730,377
Instagram,2025-02-11,Story,3179,322,38,25,3054,17
YouTube,2025-05-14,Short,40106,2100,366,122,23446,608
YouTube,2025-06-01,Short,82125,11183,1687,576,26481,717
Instagram,2025-04-13,Post,3516,188,16,18,2864,23
Instagram,2025-04-25,Reel,104386,12103,1474,810,33420,1346
Instagram,2025-01-05,Post,44602,6301,867,222,45187,490
Instagram,2025-01-12,Reel,90346,9144,721,713,63208,673
YouTube,2025-06-01,Short,74724,7122,1310,281,34972,439
Instagram,2025-06-20,Post,46115,6100,1207,410,48867,366
YouTube,2025-02-05,Video,46897,6693,512,409,34468,607
Instagram,2025-02-07,Post,37915,2013,232,94,28426,327
YouTube,2025-02-17,Video,36274,3385,299,223,18031,669
YouTube,2025-01-03,Video,38953,4876,463,291,31963,390
Instagram,2025-02-02,Story,6541,485,95,11,6616,62
YouTube,2025-04-14,Video,22541,1248,105,39,7299,400
Instagram,2025-06-28,Post,36197,4480,414,287,38218,486
Instagram,2025-02-08,Reel,41949,4553,575,200,49750,718
Instagram,2025-02-16,Reel,50945,4456,364,402,57379,387
YouTube,2025-06-26,Video,41277,3739,306,340,41843,342
YouTube,2025-06-17,Short,19422,1179,165,98,21139,199
YouTube,2025-01-22,Video,16803,1616,226,64,18490,173
Instagram,2025-06-03,Story,17600,2623,370,231,7895,299
YouTube,2025-05-31,Video,9698,1104,199,41,7644,157
YouTube,2025-02-28,Video,24451,3255,386,200,26015,190
Instagram,2025-03-16,Post,9655,1340,114,38,9220,107
Instagram,2025-03-01,Reel,137452,20530,1374,691,150849,1882
Instagram,2025-01-31,Post,18180,1192,129,108,19460,205
Instagram,2025-02-05,Story,22527,3153,251,274,26566,291
Instagram,2025-05-31,Reel,53802,6962,1094,637,35103,704
Instagram,2025-01-16,Story,11694,1223,135,45,8496,171
YouTube,2025-06-10,Video,49474,5543,383,178,16687,617
Instagram,2025-01-09,Story,2363,260,46,9,2370,42
YouTube,2025-01-17,Video,17911,1768,155,153,10955,324
YouTube,2025-04-10,Video,19566,1827,361,142,8745,209
Instagram,2025-03-28,Post,12810,1860,186,118,10578,109
Instagram,2025-02-24,Post,45227,6179,1004,396,22566,718
YouTube,2025-04-27,Video,4985,256,21,16,3207,65
Instagram,2025-01-18,Story,5236,758,102,47,5951,100
YouTube,2025-02-19,Short,38702,4620,671,312,15619,747
YouTube,2025-05-24,Video,22988,2519,261,209,19870,227
YouTube,2025-06-12,Video,29453,2121,247,155,17717,358
Instagram,2025-03-09,Reel,112361,14551,2592,492,70848,2006
YouTube,2025-03-22,Video,32429,2451,304,50,19358,321
Instagram,2025-06-15,Reel,17334,2131,118,177,13105,259
YouTube,2025-02-06,Short,103277,11526,776,805,34902,1577
YouTube,2025-03-23,Video,7370,558,51,41,5890,123
YouTube,2025-02-24,Short,88878,7366,1133,520,55905,641
YouTube,2025-06-03,Video,49625,3322,422,294,18620,872
YouTube,2025-06-08,Video,39848,4228,577,336,39528,482
YouTube,2025-01-23,Short,7032,692,115,39,4798,69
Instagram,2025-06-06,Story,22586,1406,246,59,18889,423
Instagram,2025-03-02,Reel,8210,665,42,16,3557,50
Instagram,2025-04-02,Post,5498,300,28,21,6481,79
YouTube,2025-02-12,Video,43818,5966,945,415,34155,644
YouTube,2025-04-20,Video,45560,5050,759,167,23947,625
YouTube,2025-02-12,Video,25279,2674,475,60,9036,490
Instagram,2025-02-22,Post,29391,3414,461,326,34996,317
Instagram,2025-04-21,Story,37123,4324,448,90,40978,452
Instagram,2025-06-27,Post,42688,4751,556,335,42546,401
Instagram,2025-03-13,Story,44542,5577,654,369,46785,295
Instagram,2025-04-27,Post,29352,2780,246,138,14571,475
Instagram,2025-01-09,Reel,10657,1542,192,50,9413,185
Instagram,2025-06-10,Reel,119266,12981,1974,921,57322,1463
Instagram,2025-01-29,Reel,143249,12435,1158,524,116065,2203
YouTube,2025-01-20,Short,97825,10099,1054,273,35190,495
Instagram,2025-01-05,Reel,132854,16283,2592,1481,91829,2275
Instagram,2025-05-04,Story,24191,1233,196,69,16807,203
Instagram,2025-01-13,Story,23806,2313,370,161,24145,168
YouTube,2025-02-22,Short,55066,2796,198,100,33671,608
Instagram,2025-04-27,Story,19359,1525,216,57,7274,254
YouTube,2025-04-06,Video,42152,3919,675,175,20146,277
Instagram,2025-02-24,Story,36291,3050,322,183,25307,671
YouTube,2025-06-14,Short,28888,2770,289,139,14611,299
Instagram,2025-05-02,Reel,103483,10027,1054,807,65568,1215
YouTube,2025-02-08,Short,56220,2908,465,185,30573,332
YouTube,2025-01-08,Video,27957,1429,173,107,30759,356
YouTube,2025-05-09,Video,28959,1528,106,146,33639,266
YouTube,2025-02-28,Video,28895,2838,307,89,25565,366
YouTube,2025-04-29,Video,2839,316,22,8,2692,16
YouTube,2025-03-15,Short,11257,643,68,50,7095,119
YouTube,2025-01-19,Short,98589,6444,673,376,107682,1161
YouTube,2025-03-10,Short,33086,2075,330,80,17845,177
Instagram,2025-05-03,Post,43387,4626,868,285,14559,517
YouTube,2025-03-10,Short,66228,7097,1125,347,43664,632
YouTube,2025-05-25,Video,21160,1732,129,58,14411,149
YouTube,2025-06-10,Video,19577,1819,271,68,22237,267
YouTube,2025-04-07,Short,60799,3569,597,256,42351,757
Instagram,2025-02-25,Story,9298,1066,165,55,9187,137
Instagram,2025-04-02,Story,9033,614,57,29,6118,126
Instagram,2025-03-21,Reel,144970,15853,2583,460,106769,2354
YouTube,2025-02-02,Short,37236,4122,712,202,18185,319
Instagram,2025-01-22,Post,11650,1630,161,94,5584,85
YouTube,2025-01-12,Video,42008,6275,728,236,22154,811
YouTube,2025-01-01,Short,70803,9394,1123,297,80735,1012
Instagram,2025-03-10,Story,37177,2750,279,269,35164,372
Instagram,2025-05-22,Reel,65840,4949,981,149,73746,726
YouTube,2025-04-21,Short,108719,6493,436,507,117076,1277
Instagram,2025-04-13,Story,41613,4580,643,448,34152,421
Instagram,2025-05-27,Post,5106,473,31,31,1894,93
YouTube,2025-03-15,Short,82947,7552,952,194,42346,1395
Instagram,2025-02-26,Reel,36127,5386,476,337,13129,611
YouTube,2025-05-24,Video,34123,2338,182,168,21797,668
YouTube,2025-03-17,Video,15473,1015,162,62,13247,178
Instagram,2025-05-03,Post,24030,2371,250,205,8683,183
Instagram,2025-02-07,Post,35828,4790,819,98,39016,249
YouTube,2025-06-16,Short,80781,6129,596,514,96204,1315
YouTube,2025-06-10,Short,20058,2615,157,180,16597,342
YouTube,2025-05-16,Video,5006,736,52,23,3088,98
YouTube,2025-04-01,Video,8135,818,82,51,2498,146
YouTube,2025-06-12,Video,27835,3985,525,158,18909,338
YouTube,2025-03-10,Video,4509,587,37,21,1902,38
Instagram,2025-01-10,Post,43549,2821,262,201,33295,545
YouTube,2025-01-31,Short,69862,8466,1375,198,25211,637
Instagram,2025-06-08,Reel,48087,3807,350,370,29524,831
YouTube,2025-05-28,Video,47492,3041,314,119,24659,357
Instagram,2025-04-06,Post,27725,3040,397,190,24849,281
YouTube,2025-04-26,Short,24015,1972,199,174,22162,375
YouTube,2025-02-09,Video,7817,676,101,66,5088,121
Instagram,2025-03-30,Reel,58479,7988,1303,266,32425,730
Instagram,2025-04-25,Story,17893,2671,213,169,6235,349
YouTube,2025-06-29,Video,14589,1979,379,90,10351,226
Instagram,2025-04-20,Reel,112441,7427,978,455,95712,1160
YouTube,2025-02-26,Video,7877,1041,120,44,9190,44
YouTube,2025-04-27,Short,86602,11805,1691,551,33116,1161
YouTube,2025-04-20,Short,3750,526,58,15,3531,66
YouTube,2025-02-11,Video,16678,1607,96,145,12369,316
Instagram,2025-05-16,Reel,92974,13122,2277,547,94620,1118
YouTube,2025-06-14,Short,50670,6793,770,671,21586,718
Instagram,2025-02-09,Post,47851,5742,1094,522,30367,782
YouTube,2025-01-28,Video,4028,438,45,43,4455,32
Instagram,2025-01-26,Reel,6142,415,75,35,5574,113
YouTube,2025-05-28,Short,11839,1592,125,151,4119,127
YouTube,2025-03-12,Video,48842,3257,602,169,32086,802
Instagram,2025-05-14,Story,34091,2025,172,60,40084,531
YouTube,2025-01-10,Short,63646,8594,928,809,23102,1032
YouTube,2025-05-26,Short,34617,3288,560,94,31157,232
YouTube,2025-06-24,Short,67556,4102,616,390,58485,1280
Instagram,2025-06-06,Story,22990,2746,183,148,15235,190
YouTube,2025-06-18,Short,95930,13812,2559,1346,97439,1428
YouTube,2025-05-15,Short,28988,3744,438,303,12409,462
YouTube,2025-01-19,Video,35360,5297,885,166,26649,648
YouTube,2025-04-08,Short,9697,787,65,54,4017,104
Instagram,2025-05-30,Post,14249,1037,180,47,4963,261
Instagram,2025-03-23,Reel,131432,16871,2869,1008,143913,1925
YouTube,2025-01-12,Short,64386,3754,311,140,29356,1022
Instagram,2025-04-15,Story,13318,719,140,30,15161,254
YouTube,2025-01-15,Short,100143,11166,644,997,109638,531
Instagram,2025-03-16,Reel,68075,6269,959,426,65547,1126
YouTube,2025-05-27,Video,8546,1089,138,97,9644,73
Instagram,2025-01-25,Reel,52759,5178,994,423,30231,938
YouTube,2025-06-11,Video,45980,2622,203,136,22130,370
Instagram,2025-04-27,Reel,68758,8769,488,633,57835,938
YouTube,2025-01-29,Short,30228,3919,433,294,27348,377
YouTube,2025-02-26,Short,13923,1173,217,38,15415,191
Instagram,2025-06-16,Reel,89284,7706,1386,382,31064,793
Instagram,2025-01-03,Story,3906,260,23,22,1561,56
Instagram,2025-03-06,Post,46324,2463,125,174,29738,745
Instagram,2025-04-06,Story,47335,3101,286,273,16331,601
Instagram,2025-05-31,Reel,41449,5076,775,166,13195,518
YouTube,2025-05-08,Short,41495,4862,285,167,29988,395
Instagram,2025-02-01,Story,30058,3989,673,195,22637,467
Instagram,2025-03-23,Post,49711,6296,1124,259,54709,482
Instagram,2025-03-05,Story,24896,2719,447,152,13107,331
YouTube,2025-02-19,Video,4915,509,30,23,4587,72
Instagram,2025-01-03,Post,47663,3476,466,251,19036,747
YouTube,2025-04-13,Video,23515,1688,261,75,11756,282
Instagram,2025-05-03,Story,43451,2620,174,234,20212,423
YouTube,2025-04-07,Video,12289,1700,90,36,6000,109
Instagram,2025-06-17,Reel,53434,5571,308,236,23263,966
Instagram,2025-02-10,Reel,80450,9897,1644,393,34675,477
YouTube,2025-03-16,Short,39234,2570,463,93,29180,656
Instagram,2025-03-18,Post,22976,1218,197,31,26388,260
Instagram,2025-03-27,Reel,44243,4159,392,331,27571,299
Instagram,2025-05-04,Story,9348,1118,169,45,4140,134
YouTube,2025-03-15,Video,22777,1307,226,32,27151,453
YouTube,2025-02-24,Video,37044,4442,747,291,27075,459
YouTube,2025-06-23,Short,85206,10596,892,880,73964,720
YouTube,2025-05-31,Video,9403,1302,72,40,9211,92
YouTube,2025-03-19,Video,49381,5253,376,160,22831,646
YouTube,2025-05-15,Short,52843,7763,1147,700,24485,646
Instagram,2025-02-28,Post,44927,2775,257,88,27017,859
Instagram,2025-05-24,Story,20003,2499,156,102,9843,117
YouTube,2025-01-05,Short,41965,3872,654,271,37206,737
YouTube,2025-06-08,Video,45459,6613,504,288,13949,756
Instagram,2025-05-01,Story,7792,437,22,40,3524,149
YouTube,2025-02-01,Short,51873,6419,840,398,47925,791
Instagram,2025-04-09,Post,35261,4615,316,292,15948,401
YouTube,2025-04-25,Video,25402,1420,195,120,11532,173
YouTube,2025-04-15,Video,35607,3857,608,100,14056,476
YouTube,2025-06-20,Short,116480,9911,1735,623,88443,2176
YouTube,2025-06-18,Short,20096,1368,105,50,11022,198
Instagram,2025-02-14,Reel,47775,4001,426,115,43191,241
Instagram,2025-06-01,Story,12469,1514,161,146,5187,119
YouTube,2025-03-17,Short,30616,4084,707,269,12842,608
Instagram,2025-05-15,Post,13569,997,128,36,15996,245
YouTube,2025-01-22,Short,135634,14509,1733,536,65333,1444
Instagram,2025-01-02,Reel,36133,2489,189,123,31660,433
Instagram,2025-05-27,Post,37090,1859,275,176,42515,259
YouTube,2025-05-11,Short,64044,9168,1180,830,21909,1194
YouTube,2025-02-04,Video,33091,4180,406,266,29692,524
Instagram,2025-06-12,Post,8422,653,71,41,5166,130
YouTube,2025-01-28,Short,22271,1754,274,46,12580,213
YouTube,2025-06-25,Video,43746,4200,572,149,42126,742
YouTube,2025-04-23,Video,45415,2624,220,91,51154,351
Instagram,2025-01-26,Post,2872,329,40,12,3149,35
Instagram,2025-05-09,Post,34675,3371,494,252,10828,207
YouTube,2025-03-02,Short,73857,7782,1523,275,26911,531
Instagram,2025-04-20,Post,41434,3505,260,227,45541,241
YouTube,2025-02-06,Short,41749,2184,191,78,13294,427
YouTube,2025-05-26,Video,46244,4279,591,180,50926,415
Instagram,2025-03-23,Story,32465,3853,287,209,19301,327
YouTube,2025-03-18,Video,22982,2282,410,167,17148,176
Instagram,2025-04-02,Reel,13540,1157,204,74,12487,163
Instagram,2025-06-19,Post,43934,5307,836,386,18030,834
Instagram,2025-01-17,Post,38651,2901,191,111,33286,510
Instagram,2025-02-23,Story,22712,2811,530,278,25354,285
Instagram,2025-01-19,Reel,11974,1689,223,94,13788,198
YouTube,2025-02-26,Short,142617,20376,1029,1187,97399,2733
YouTube,2025-05-14,Video,9800,1226,170,81,10705,181
YouTube,2025-06-29,Short,137254,9150,1442,285,151924,1423
YouTube,2025-02-14,Short,83488,4494,620,368,60412,833
Instagram,2025-04-17,Story,21728,2073,250,119,12870,296
YouTube,2025-05-16,Short,76847,8135,1135,258,81064,767
Instagram,2025-03-15,Story,3532,252,50,16,2622,66
Instagram,2025-04-26,Story,4417,273,40,20,1663,34
Instagram,2025-06-21,Story,3346,253,21,18,2080,61
Instagram,2025-02-19,Story,24465,2247,187,163,18849,234
YouTube,2025-04-10,Short,17551,1937,266,181,14340,97
YouTube,2025-02-27,Short,75682,7876,1246,228,37360,717
YouTube,2025-05-13,Video,49458,6188,828,475,36150,945
Instagram,2025-06-06,Post,49466,4212,683,298,47676,801
YouTube,2025-01-02,Short,13924,979,123,27,11693,116
Instagram,2025-02-27,Story,12040,1688,91,154,9931,190
YouTube,2025-06-07,Short,48679,5378,778,379,15762,856
Instagram,2025-02-15,Reel,73534,6829,1123,609,71596,978
Instagram,2025-04-12,Reel,61948,8873,1384,370,49912,900
YouTube,2025-06-24,Short,103566,14517,2565,976,93148,1821
Instagram,2025-04-03,Story,46738,2432,298,224,19875,559
YouTube,2025-03-05,Video,16610,2247,318,77,10785,164
Instagram,2025-05-31,Story,40879,5987,667,406,42471,669
YouTube,2025-05-08,Short,86783,4928,935,129,58258,1598
YouTube,2025-02-02,Video,5682,699,126,59,4394,51
YouTube,2025-05-28,Video,35044,3453,522,133,40333,244
YouTube,2025-02-07,Short,7742,425,53,22,6700,131
Instagram,2025-04-30,Story,5637,648,47,32,2996,100
YouTube,2025-05-26,Short,37768,3812,390,192,23809,348
Instagram,2025-02-12,Story,23687,1904,293,142,26939,131
YouTube,2025-05-27,Short,101217,14002,2464,709,74353,1446
Instagram,2025-06-21,Story,47117,6980,1260,236,27752,785
YouTube,2025-05-30,Video,18838,1669,224,91,19683,190
Instagram,2025-05-12,Story,8807,1170,178,91,3197,127
YouTube,2025-05-06,Video,39603,4267,767,276,44832,566
YouTube,2025-05-24,Video,23917,2899,341,162,23335,330
Instagram,2025-03-06,Reel,86988,10247,655,480,56014,1214
Instagram,2025-04-27,Reel,59360,7179,881,399,20935,1099
YouTube,2025-04-20,Short,106382,14957,1958,1440,123329,1205
Instagram,2025-01-24,Reel,106397,5760,296,331,72630,1113
Instagram,2025-05-10,Reel,51644,6360,736,226,28496,569
Instagram,2025-03-07,Reel,63311,6799,853,520,44873,975
YouTube,2025-01-10,Video,22347,1593,197,112,11594,385
Instagram,2025-04-20,Story,39527,5414,685,523,37458,721
Instagram,2025-05-08,Reel,14034,1055,130,67,16690,165
YouTube,2025-02-04,Video,45117,4062,231,117,51042,526
YouTube,2025-05-09,Video,6699,680,103,36,5807,52
Instagram,2025-03-12,Post,17803,1527,231,147,15754,280
Instagram,2025-04-18,Post,32407,3280,433,169,24215,500
YouTube,2025-05-29,Video,13104,1938,312,139,10461,118
YouTube,2025-03-20,Video,29777,2593,202,155,12086,350
YouTube,2025-01-08,Short,19195,2399,341,60,11695,178
YouTube,2025-05-15,Short,133712,9116,496,886,146046,1375
YouTube,2025-01-25,Short,43828,4704,845,198,26343,766
Instagram,2025-03-06,Story,33246,3767,627,100,32914,282
Instagram,2025-03-15,Story,41919,5148,972,169,30675,627
Instagram,2025-05-01,Reel,40211,2876,331,131,34104,727
Instagram,2025-01-24,Post,4659,641,115,20,4888,51
Instagram,2025-05-05,Story,42785,5852,524,337,46754,547
Instagram,2025-03-18,Reel,65971,5186,354,134,37643,603
Instagram,2025-01-18,Story,20059,1297,201,114,13484,318
YouTube,2025-02-05,Short,69027,4238,230,391,47315,663
YouTube,2025-01-05,Short,11486,1052,55,59,8351,62
YouTube,2025-04-30,Video,48855,7205,710,573,25326,615
Instagram,2025-05-13,Reel,41932,2948,306,137,19396,239
Instagram,2025-01-31,Post,49763,7069,1389,665,20203,629
Instagram,2025-06-01,Post,28354,3387,174,99,23590,225
Instagram,2025-06-22,Story,39543,4246,278,260,27148,270
YouTube,2025-04-21,Short,72183,8201,1126,799,86560,1129
Instagram,2025-04-28,Reel,17280,2504,285,208,16215,317
Instagram,2025-01-13,Reel,32795,3697,659,221,16774,460
Instagram,2025-06-15,Reel,90070,10674,2004,847,30630,1771
Instagram,2025-01-22,Post,25492,1676,100,85,16535,304
Instagram,2025-03-03,Post,7828,733,140,59,4198,109
Instagram,2025-06-05,Post,7031,902,154,80,6630,82
YouTube,2025-04-03,Video,21636,2056,137,151,19603,167
YouTube,2025-03-18,Video,5760,414,43,9,2096,41
Instagram,2025-03-24,Story,20220,2985,288,227,7430,198
Instagram,2025-04-29,Post,24758,1931,299,72,22399,227
YouTube,2025-03-16,Short,144444,10832,1008,950,100674,1811
Instagram,2025-01-19,Reel,56792,3255,536,250,53757,631
YouTube,2025-04-10,Video,30589,3284,186,297,22123,295
Instagram,2025-05-09,Post,24862,2599,328,217,14008,139
YouTube,2025-02-20,Short,86059,6186,575,452,78343,1495
Instagram,2025-03-03,Story,14902,1975,309,159,10021,181
Instagram,2025-03-27,Story,7294,1086,96,41,5031,64
YouTube,2025-06-17,Short,86103,11493,1360,270,31971,816
Instagram,2025-03-22,Reel,46694,4383,558,329,55810,801
YouTube,2025-06-19,Short,76563,9146,1180,272,87420,1091
Instagram,2025-03-28,Reel,23309,2206,408,148,16768,243
Instagram,2025-04-24,Reel,86552,8763,765,530,41523,1101
Instagram,2025-02-18,Post,31643,3113,497,100,11876,318
YouTube,2025-03-01,Short,19071,1281,112,61,15916,336
Instagram,2025-03-27,Story,42724,5761,365,119,33443,373
Instagram,2025-04-28,Story,47972,3435,363,303,45078,542
YouTube,2025-04-29,Video,48509,3081,435,177,48271,726
YouTube,2025-03-17,Video,28579,3088,496,130,20859,234
Instagram,2025-05-24,Post,3842,477,41,21,2479,33
Instagram,2025-02-07,Post,16636,2208,394,158,16014,294
YouTube,2025-01-17,Video,47231,3062,335,270,19124,447
YouTube,2025-05-16,Short,99970,9492,593,698,114827,1169
Instagram,2025-06-04,Reel,11720,880,92,77,14050,208
Instagram,2025-01-06,Post,31528,1727,247,110,35559,499
YouTube,2025-01-27,Short,35274,3786,477,363,27707,178
Instagram,2025-04-18,Post,18494,1890,306,130,13584,268
Instagram,2025-06-23,Reel,21400,2363,366,227,11060,296
Instagram,2025-04-29,Reel,74997,5590,579,395,51062,797
Instagram,2025-05-12,Post,9010,1238,138,51,3887,73
Instagram,2025-01-03,Story,2267,294,24,26,1408,21
Instagram,2025-02-12,Reel,109239,12541,2338,334,53510,2012
Instagram,2025-03-19,Story,27487,2841,180,106,8697,380
Instagram,2025-05-30,Story,45325,6460,1188,597,23164,300
Instagram,2025-05-18,Story,40298,5003,857,258,17349,400
YouTube,2025-06-01,Video,25380,1431,222,38,30357,295
YouTube,2025-02-10,Video,43087,6015,744,299,20362,218
Instagram,2025-06-19,Story,13656,1035,57,81,8594,258
Instagram,2025-03-27,Post,39514,2190,386,178,43182,616
Instagram,2025-05-18,Story,35096,3372,224,238,34937,216
YouTube,2025-05-18,Short,50750,2594,216,168,15476,684
Instagram,2025-03-11,Reel,80964,11738,875,363,27410,1359
Instagram,2025-05-01,Post,20311,2698,372,89,17675,109
YouTube,2025-03-03,Video,18336,2314,240,197,19680,270
YouTube,2025-03-20,Short,19069,1664,238,119,11143,107
YouTube,2025-06-12,Short,49157,5309,633,473,42825,519
Instagram,2025-06-14,Story,14418,1581,135,86,14324,202
Instagram,2025-02-22,Post,32062,2792,198,177,12146,593
Instagram,2025-03-25,Post,34065,4396,678,437,21271,292
Instagram,2025-03-10,Story,37337,2700,221,227,18694,447
YouTube,2025-03-04,Short,40085,4849,773,420,42209,254
Instagram,2025-03-08,Story,34471,1899,352,137,13812,450
Instagram,2025-03-13,Post,23733,1332,77,121,20304,248
Instagram,2025-02-11,Reel,64706,7948,913,588,73839,422
Instagram,2025-04-25,Story,23283,2309,399,138,11458,281
YouTube,2025-03-31,Short,62301,4912,428,120,27603,894
Instagram,2025-05-27,Reel,68234,5485,735,519,72825,1216
YouTube,2025-04-26,Video,22607,3171,189,149,11764,242
Instagram,2025-04-23,Story,47456,7003,1074,214,24496,849
YouTube,2025-04-12,Video,23800,3348,342,211,25631,450
Instagram,2025-03-21,Story,6668,592,103,30,5404,87
YouTube,2025-06-29,Video,49771,6554,888,276,56995,871
YouTube,2025-02-28,Video,36053,2986,371,163,11453,217
Instagram,2025-01-31,Reel,17644,1734,235,156,6774,211
Instagram,2025-05-01,Story,11589,792,90,19,9044,192
Instagram,2025-05-26,Post,32821,1737,296,148,16757,255
YouTube,2025-02-01,Video,21624,1755,92,76,8051,354
YouTube,2025-03-04,Video,20207,1441,235,106,23313,229
YouTube,2025-06-05,Short,82534,7209,766,540,82195,1043
Instagram,2025-05-02,Reel,58014,3139,544,268,38105,655
Instagram,2025-06-26,Post,11533,915,100,46,4723,145
YouTube,2025-04-22,Short,97005,8729,931,612,50060,594
YouTube,2025-05-14,Short,29763,3905,436,196,29063,197
YouTube,2025-03-14,Short,7109,629,64,32,6461,63
Instagram,2025-06-16,Post,35031,4518,316,165,33150,479
Instagram,2025-04-27,Post,40524,5307,546,377,35193,253
Instagram,2025-06-18,Post,31724,3213,492,292,36598,615
YouTube,2025-03-21,Short,41331,4290,657,328,15769,434
Instagram,2025-05-25,Post,8161,1123,216,23,5624,147
YouTube,2025-03-15,Video,5310,688,106,37,3827,46
Instagram,2025-01-05,Post,23995,3524,373,159,18535,437
YouTube,2025-03-05,Video,13657,1716,248,95,11027,255
Instagram,2025-05-16,Story,21018,3122,418,84,21477,112
Instagram,2025-02-16,Post,8986,769,148,29,10629,74
YouTube,2025-04-19,Video,19605,2253,126,80,7714,330
Instagram,2025-03-22,Reel,51797,6930,1226,470,28085,750
Instagram,2025-04-18,Story,2809,144,21,5,2633,37
Instagram,2025-05-29,Reel,51701,4948,552,306,39274,673
Instagram,2025-04-29,Post,2126,176,16,6,2235,40
Instagram,2025-06-27,Reel,54417,3109,555,95,19901,310
YouTube,2025-01-04,Video,29210,4064,394,166,25183,530
Instagram,2025-05-08,Reel,56238,5252,358,191,19606,709
Instagram,2025-01-13,Story,42489,2576,238,245,14188,563
Instagram,2025-03-31,Post,27272,4024,312,223,9070,523
Instagram,2025-06-06,Reel,3332,261,48,5,1591,65
YouTube,2025-03-06,Short,48283,2453,174,77,34374,569
YouTube,2025-01-14,Video,2719,267,25,5,2903,15
Instagram,2025-03-15,Story,46376,4583,522,455,52416,899
YouTube,2025-01-30,Video,38825,3980,494,109,30826,400
YouTube,2025-01-25,Short,13851,1784,164,96,14295,202
YouTube,2025-04-28,Video,38733,5096,782,105,25304,488
YouTube,2025-02-04,Short,77887,7901,1209,756,36281,991
Instagram,2025-04-25,Story,16643,1196,177,109,12089,317
YouTube,2025-05-22,Short,91603,8815,1627,436,69398,1765
YouTube,2025-06-26,Short,14146,1557,157,132,12075,181
YouTube,2025-06-13,Short,144776,16259,1839,957,62659,2245
YouTube,2025-01-17,Short,11139,1665,202,161,7456,115
YouTube,2025-03-10,Short,78243,6794,588,241,92159,881
YouTube,2025-05-08,Short,85297,9346,1213,511,28551,568
YouTube,2025-02-20,Video,28382,2715,354,263,10366,306
YouTube,2025-04-24,Short,9656,622,69,28,9720,100
YouTube,2025-06-25,Short,53800,7541,1429,298,40404,471
Instagram,2025-01-20,Story,24497,1663,109,95,25024,387
Instagram,2025-03-18,Post,21660,1794,318,36,19091,166
Instagram,2025-03-22,Reel,24183,2678,177,177,22491,258
YouTube,2025-03-30,Video,43482,4001,535,279,48863,627
Instagram,2025-02-24,Post,26604,3869,343,310,25088,234
Instagram,2025-05-04,Story,39688,2918,273,112,15948,779
YouTube,2025-04-16,Video,48697,4695,300,118,24720,541
Instagram,2025-03-26,Story,28449,3845,411,78,17978,565
YouTube,2025-02-17,Short,27606,3164,520,300,17929,359
Instagram,2025-04-17,Story,18687,2796,463,65,21872,288
Instagram,2025-04-20,Post,27247,3777,373,341,28861,157
YouTube,2025-05-23,Short,104689,11805,2050,340,67515,2033
Instagram,2025-04-28,Story,36486,3409,364,229,18638,694
YouTube,2025-03-27,Short,23750,1292,247,94,13736,193
YouTube,2025-05-20,Video,9718,1047,138,55,7403,78
YouTube,2025-06-01,Video,28827,2178,399,100,23907,471
YouTube,2025-01-20,Short,8666,1204,79,34,6620,155
YouTube,2025-06-27,Video,4438,382,20,15,3970,67
YouTube,2025-06-28,Video,41741,4362,577,218,48554,228
Instagram,2025-06-21,Story,29390,4314,608,285,35026,366
YouTube,2025-05-08,Short,28393,2050,194,102,27286,296
YouTube,2025-03-01,Video,25319,2806,474,131,20310,369
YouTube,2025-06-02,Short,95892,9867,1413,923,82390,1462
YouTube,2025-02-18,Short,73875,8952,1319,450,23789,441
Instagram,2025-01-06,Post,3338,209,28,13,1234,54
Instagram,2025-05-24,Post,25500,3784,391,288,10792,335
Instagram,2025-03-08,Post,20658,2111,183,180,14979,204
YouTube,2025-06-27,Video,12891,714,82,57,11431,94
Instagram,2025-06-27,Story,20874,2618,343,102,8367,358
YouTube,2025-03-03,Short,12655,1741,198,65,8579,157
YouTube,2025-06-21,Video,31838,3522,521,140,26571,247
YouTube,2025-06-19,Video,33069,3329,473,163,38877,401
Instagram,2025-04-29,Story,27297,1562,239,100,20457,154
YouTube,2025-01-24,Short,40758,5592,969,214,42672,204
Instagram,2025-04-16,Reel,65200,5663,353,409,24477,339
Instagram,2025-04-17,Post,26900,1393,243,43,27742,326
YouTube,2025-06-22,Short,4036,457,70,34,4345,39
YouTube,2025-05-07,Short,30451,4512,609,419,23728,408
Instagram,2025-02-03,Post,35433,1798,252,81,28846,651
YouTube,2025-05-23,Short,38624,3836,581,258,15137,305
Instagram,2025-02-03,Post,27038,3735,622,343,26949,403
Instagram,2025-02-08,Reel,68410,9219,589,671,25887,365
YouTube,2025-03-15,Video,29620,3326,462,93,20270,210
